<positions>
    <element name="alpha_2">
        <x>0.000000000</x>
        <y>262.000000000</y>
        <width>1280.000000000</width>
        <height>40.000000000</height>
    </element>
    <element name="blue_2">
        <x>0.000000000</x>
        <y>198.000000000</y>
        <width>1280.000000000</width>
        <height>40.000000000</height>
    </element>
    <element name="colour_2">
        <x>0.000000000</x>
        <y>390.000000000</y>
        <width>1280.000000000</width>
        <height>40.000000000</height>
    </element>
    <element name="green_2">
        <x>0.000000000</x>
        <y>134.000000000</y>
        <width>1280.000000000</width>
        <height>40.000000000</height>
    </element>
    <element name="red_2">
        <x>0.000000000</x>
        <y>70.000000000</y>
        <width>1280.000000000</width>
        <height>40.000000000</height>
    </element>
    <element name="trigger_2">
        <x>0.000000000</x>
        <y>326.000000000</y>
        <width>1280.000000000</width>
        <height>40.000000000</height>
    </element>
</positions>
