<keyframes>
    <key>
        <easefunc>0</easefunc>
        <easetype>0</easetype>
        <time>00:00:06:406</time>
        <value>1.000000000</value>
    </key>
    <key>
        <easefunc>0</easefunc>
        <easetype>0</easetype>
        <time>00:00:14:609</time>
        <value>0.524999976</value>
    </key>
    <key>
        <easefunc>1</easefunc>
        <easetype>0</easetype>
        <time>00:00:31:249</time>
        <value>0.000000000</value>
    </key>
    <key>
        <easefunc>0</easefunc>
        <easetype>0</easetype>
        <time>00:00:42:031</time>
        <value>0.000000000</value>
    </key>
</keyframes>
