<keyframes>
    <key>
        <sampleX>0.265064001</sampleX>
        <sampleY>0.649999917</sampleY>
        <time>00:00:08:749</time>
        <value>0.774999976</value>
    </key>
    <key>
        <sampleX>0.584999919</sampleX>
        <sampleY>0.304999977</sampleY>
        <time>00:00:14:375</time>
        <value>0.550000012</value>
    </key>
    <key>
        <sampleX>0.290055960</sampleX>
        <sampleY>0.504999936</sampleY>
        <time>00:00:26:718</time>
        <value>0.000000000</value>
    </key>
    <key>
        <sampleX>0.500000000</sampleX>
        <sampleY>0.500000000</sampleY>
        <time>00:00:39:843</time>
        <value>0.524999976</value>
    </key>
</keyframes>
