<settings>
	<client_id>0</client_id>
	<client_name>lpmt_0</client_name>
	<server>
		<ip>localhost</ip>
		<port>9002</port> 
	</server>
	<local_dimensions>
		<width>1024</width>
		<height>768</height>
	</local_dimensions>
	<local_location>
		<x>0</x>
		<y>0</y>
	</local_location>
	<master_dimensions>
		<width>1050</width>
		<height>1050</height>
	</master_dimensions>
	<go_fullscreen>false</go_fullscreen>
	<offset_window>false</offset_window>
	<debug>0</debug>
	<simulation>
		<on>0</on>
		<fps>25</fps>
	</simulation>
</settings>
